{
    "dataset": "CIFAR-10 binary",
    "epochs": 10,
    "lr": 0.001,
    "batch_size": 256,
    "max_grad_norm": 1.0,
    "noise_multiplier": 1.1,
    "delta": 1e-05,
    "epsilon": 2.631832909848938,
    "accuracy": 0.843,
    "runtime_sec": 5.144260406494141
}