{
    "dataset": "CIFAR-10 binary",
    "epochs": 10,
    "lr": 0.001,
    "batch_size": 256,
    "max_grad_norm": 1.0,
    "noise_multiplier": 1.1,
    "delta": 1e-05,
    "epsilon": 2.631832910006812,
    "accuracy": 0.8615,
    "runtime_sec": 1149.6914780139923
}