{
    "dataset": "UCI Adult",
    "epochs": 10,
    "lr": 0.001,
    "batch_size": 256,
    "max_grad_norm": 1.0,
    "noise_multiplier": 1.1,
    "delta": 1e-05,
    "epsilon": 1.188746322746482,
    "accuracy": 0.8538233186610708,
    "runtime_sec": 24.57605814933777
}