{
    "dataset": "CIFAR-10 binary",
    "epochs": 15,
    "lr": 0.001,
    "batch_size": 128,
    "max_grad_norm": 1.0,
    "noise_multiplier": 0.5,
    "delta": 1e-05,
    "epsilon": 17.532813107636702,
    "accuracy": 0.883,
    "runtime_sec": 13.078004598617554
}